{
  "aws_project_region": "ap-southeast-2",
  "aws_appsync_graphqlEndpoint": "https://gqyou7ac6vhnzff4sga5qbjmhe.appsync-api.ap-southeast-2.amazonaws.com/graphql",
  "aws_appsync_region": "ap-southeast-2",
  "aws_appsync_authenticationType": "AWS_IAM",
  "aws_appsync_apiKey": "da2-ic3h5oejwncq7pgwlw3bsgdbii",
  "aws_cognito_identity_pool_id": "ap-southeast-2:6b1772d8-a5ee-45da-b7b8-90ddf9d99c0e",
  "aws_cognito_region": "ap-southeast-2",
  "aws_user_pools_id": "ap-southeast-2_xkRDvpdjx",
  "aws_user_pools_web_client_id": "1dpsltfjh45juidg230fmvhvn1",
  "oauth": {},
  "aws_cognito_username_attributes": [
    "EMAIL"
  ],
  "aws_cognito_social_providers": [],
  "aws_cognito_signup_attributes": [
    "EMAIL"
  ],
  "aws_cognito_mfa_configuration": "OFF",
  "aws_cognito_mfa_types": [
    "SMS"
  ],
  "aws_cognito_password_protection_settings": {
    "passwordPolicyMinLength": 8,
    "passwordPolicyCharacters": []
  },
  "aws_cognito_verification_mechanisms": [
    "EMAIL"
  ],
  "aws_dynamodb_all_tables_region": "ap-southeast-2",
  "aws_dynamodb_table_schemas": [
    {
      "tableName": "myRable-project",
      "region": "ap-southeast-2"
    }
  ]
}